name,occupation,email,passwordHash,avatarFilename
Stephenie Le feuvre,Senior Cost Accountant,sle0@scientificamerican.com,$2a$04$b98k7qXmJ4tyCDL10A5BNOtyFuoT3PBsAGtZcv8X2zZJBbCjRjFfS,In.mov
Lorena Menicomb,Structural Analysis Engineer,lmenicomb1@unc.edu,$2a$04$QQ2gw8HTDNRi/SDrUr2BG.mooKawOlQrUiO2BHdpD8jhXAEIZwTBq,JustoMorbiUt.ppt
Dallis Labro,VP Accounting,dlabro2@ask.com,$2a$04$dsCfTYYW1bmoRIfly28zlu9R3llQi7e9ez3gHJhz8t5ZUcAjZTDUe,MaurisUllamcorperPurus.jpeg
Ibby Laurenceau,Staff Accountant III,ilaurenceau3@japanpost.jp,$2a$04$Heuh9vwGaCaqAEJ8wSOp2u/fi47eUwYu.j6rTOtqCO8YiYY8xpc7S,BibendumImperdietNullam.ppt
Dorice Glyde,Professor,dglyde4@elegantthemes.com,$2a$04$u/Y82mHQR1ybWoCQ5ApaseMUNwazl.2TpNQLKvb21oeJzk/rQZmHC,TristiqueFusceCongue.gif
Ame Riseborough,Web Designer IV,ariseborough5@symantec.com,$2a$04$2AshZSi2kTbcGNvLfpbTfOG4ChUmJNNlmQiH96ubauiF3OIWFzjfW,CurabiturInLibero.gif
Wolf Fissenden,Senior Financial Analyst,wfissenden6@printfriendly.com,$2a$04$Wc2NhuPB74BpwXt4X4l8b.pPtfjpQ.NVigQg3s8MjZ61mFFjrr1Ii,Nullam.avi
Nancy Kearsley,Administrative Assistant III,nkearsley7@examiner.com,$2a$04$aXkrZBdjKF5GCkKWY.b72.AEXz6/MF/MJl4GD00hFVsVTz5.Q.bUa,CondimentumNequeSapien.mp3
Tammie Habbes,Data Coordinator,thabbes8@unesco.org,$2a$04$KYT.XiMAwn/.KrVj8WJhr.HJaEYTcMShbdJJ202vrqgvCDx70oCUu,Fermentum.mp3
Lawry Mollett,Executive Secretary,lmollett9@wikia.com,$2a$04$BqwXIvfkgV2NPFlL/vyvz.LSGG8M.Byc9WN1DRy9aoyULdUEhVHrO,CuraeMaurisViverra.avi
